patient_id,first_name,last_name,gender,date_of_birth,contact_number,address,registration_date,insurance_provider
P001,David,Williams,F,04-06-1955,6939585183,789 Pine Rd,23-06-2022,WellnessCorp
P002,Emily,Smith,F,12-10-1984,8228188767,321 Maple Dr,15-01-2022,PulseSecure
P003,Laura,Jones,M,21-08-1977,8397029847,321 Maple Dr,07-02-2022,PulseSecure
P004,Michael,Johnson,F,20-02-1981,9019443432,123 Elm St,02-03-2021,HealthIndia
P005,David,Wilson,M,23-06-1960,7734463155,123 Elm St,29-09-2021,MedCare Plus
P006,Linda,Jones,M,16-06-1963,7561777264,321 Maple Dr,02-10-2022,HealthIndia
P007,Alex,Johnson,F,08-06-1989,6278710077,789 Pine Rd,25-12-2021,MedCare Plus
P008,David,Davis,F,05-07-1976,7090558393,456 Oak Ave,25-05-2021,WellnessCorp
P009,Laura,Davis,M,11-12-1971,7060324619,321 Maple Dr,18-09-2022,PulseSecure
P010,Michael,Taylor,M,13-10-2001,7081396733,123 Elm St,24-08-2022,WellnessCorp
P011,Emily,Jones,F,04-12-1966,8990604070,789 Pine Rd,27-09-2022,MedCare Plus
P012,Laura,Davis,F,08-12-1991,8135666049,321 Maple Dr,27-04-2023,MedCare Plus
P013,Laura,Johnson,F,28-03-1990,9059178882,321 Maple Dr,23-12-2021,WellnessCorp
P014,Alex,Taylor,M,27-02-1968,7292262512,789 Pine Rd,12-12-2023,MedCare Plus
P015,Sarah,Johnson,M,11-05-1964,6636028516,321 Maple Dr,25-09-2021,WellnessCorp
P016,Michael,Taylor,M,22-07-2000,7223380592,789 Pine Rd,23-07-2021,PulseSecure
P017,Jane,Jones,M,01-05-1991,6158428240,456 Oak Ave,26-09-2022,WellnessCorp
P018,Laura,Wilson,M,24-09-1979,7145815738,789 Pine Rd,23-09-2022,PulseSecure
P019,Sarah,Miller,M,24-05-1975,8618058864,789 Pine Rd,24-06-2023,WellnessCorp
P020,Jane,Moore,F,06-06-2003,8158989953,789 Pine Rd,03-04-2022,MedCare Plus
P021,Michael,Wilson,M,01-03-2002,7765390555,321 Maple Dr,19-01-2022,WellnessCorp
P022,John,Brown,M,10-05-1955,6221099573,321 Maple Dr,11-05-2021,MedCare Plus
P023,Linda,Johnson,M,22-02-1994,6141951830,789 Pine Rd,27-12-2021,WellnessCorp
P024,Sarah,Brown,F,04-11-1991,7196777444,321 Maple Dr,02-09-2021,WellnessCorp
P025,Robert,Wilson,M,14-08-1966,7482069727,123 Elm St,09-09-2021,HealthIndia
P026,John,Taylor,M,28-11-2003,9900972256,123 Elm St,13-05-2021,MedCare Plus
P027,Linda,Moore,F,29-06-1998,8724518272,321 Maple Dr,15-08-2021,HealthIndia
P028,Alex,Moore,M,13-04-1993,7028910482,321 Maple Dr,20-05-2023,MedCare Plus
P029,David,Smith,M,15-05-2005,8923607677,789 Pine Rd,19-04-2023,HealthIndia
P030,Emily,Moore,M,23-12-1964,6622318721,456 Oak Ave,07-08-2021,PulseSecure
P031,Robert,Miller,M,14-01-1987,8280346676,321 Maple Dr,28-06-2022,WellnessCorp
P032,Alex,Moore,M,08-01-1981,8102183595,123 Elm St,02-10-2021,MedCare Plus
P033,Michael,Wilson,F,06-02-1970,7923214041,789 Pine Rd,06-09-2023,MedCare Plus
P034,Alex,Smith,F,26-01-1950,8374657733,321 Maple Dr,18-06-2023,WellnessCorp
P035,David,Wilson,F,13-04-1993,7039619487,123 Elm St,09-07-2023,MedCare Plus
P036,Michael,Wilson,M,26-12-1997,8545613046,123 Elm St,04-10-2022,MedCare Plus
P037,Robert,Williams,M,05-02-1999,8886800195,456 Oak Ave,30-09-2021,HealthIndia
P038,David,Smith,M,25-06-1991,6347262390,789 Pine Rd,19-04-2021,MedCare Plus
P039,Jane,Wilson,F,12-12-1950,9271131338,789 Pine Rd,09-03-2021,PulseSecure
P040,Emily,Williams,M,30-05-1972,7587653815,456 Oak Ave,16-10-2021,PulseSecure
P041,Robert,Williams,M,19-06-1951,7020645498,456 Oak Ave,16-07-2022,WellnessCorp
P042,Jane,Smith,F,22-08-1954,7040069008,789 Pine Rd,15-03-2022,MedCare Plus
P043,Linda,Brown,M,25-03-1980,9127665406,789 Pine Rd,18-07-2022,WellnessCorp
P044,Robert,Taylor,F,11-03-1976,9449458981,321 Maple Dr,26-01-2023,PulseSecure
P045,Linda,Miller,F,25-04-1966,7579616535,321 Maple Dr,23-01-2021,MedCare Plus
P046,Michael,Taylor,F,01-09-1986,8019925828,456 Oak Ave,31-07-2021,MedCare Plus
P047,Jane,Moore,M,13-12-1995,8715732851,321 Maple Dr,20-05-2022,WellnessCorp
P048,Emily,Miller,M,24-03-1983,8720989381,123 Elm St,19-06-2023,PulseSecure
P049,David,Moore,M,26-11-1972,7712937941,321 Maple Dr,14-06-2023,MedCare Plus
P050,Laura,Wilson,M,27-12-1993,8301134730,321 Maple Dr,28-04-2023,WellnessCorp
